<!DOCTYPE suite SYSTEM "http://testng.org/testng-1.0.dtd">
<suite name="TestNG Learning">

    
   
<test name="Login test">
    <classes>
        <class name="dd_testcases.LoginTest" ></class>  
    </classes>
</test>

<test name="Edit Profile test">
    <classes>
        <class name="dd_testcases.EditProfileTest" ></class>  
    </classes>
</test>

<test name="Find a Friend test">
    <classes>
        <class name="dd_testcases.FindFriendTest" ></class>  
    </classes>
</test>



</suite>
